{
  "type": "bias_only",
  "mu_y": -0.0034190418254267238,
  "mu_hat": 0.010290877893567085,
  "valid_metrics": {
    "RMSE": 0.0620472315429941,
    "MAE": 0.04978389951063212,
    "R2": 9.990452909391934e-12,
    "DA": 0.6153846153846154,
    "var": 0.0
  }
}