{
  "valid": {
    "rmse": 0.025756927207112312,
    "mae": 0.018991688266396523,
    "r2": 0.0016233973447480343,
    "dir_acc": 0.48535564853556484
  },
  "test": {
    "rmse": 0.0216753501445055,
    "mae": 0.01494983397424221,
    "r2": 0.00580847732831713,
    "dir_acc": 0.5458333333333333
  },
  "best_iteration": 29
}