{
  "RMSE_$": 2069.8493004249744,
  "MAE_$": 1476.1384301344453,
  "sMAPE": 0.014947972686620485,
  "R2_price": 0.9713907160468854,
  "columns_used": {
    "actual": "P_true",
    "pred": "P_hat"
  }
}