{
  "train": {
    "RMSE": 0.09444213568840236,
    "MAE": 0.06521912627002625,
    "R2": 0.0,
    "DA": 0.5330396475770925
  },
  "valid": {
    "RMSE": 0.06407988391006104,
    "MAE": 0.052663401999386114,
    "R2": 0.0,
    "DA": 0.46153846153846156
  },
  "test": {
    "RMSE": 0.050573316944657845,
    "MAE": 0.036108068955211896,
    "R2": 2.220446049250313e-16,
    "DA": 0.6
  },
  "best_iter": 300
}