{
  "picked": {
    "thr": 0.0,
    "regime": "none",
    "Sharpe": -0.10269548886356843,
    "CAGR": -0.022882396423944962,
    "Vol": 0.06251659952436045,
    "Trades": 1,
    "ActiveWeeks": 26,
    "winRate": 0.4230769230769231
  },
  "bh": {
    "CAGR": 0.8265020676565604,
    "Sharpe": 1.644211189523076
  },
  "strategy": {
    "CAGR": 0.6653624965165055,
    "Sharpe": 1.4261738840762253,
    "Vol": 0.05056682088830315
  }
}